PANGNIRTUNG A,2403053
POND INLET A,2403201
REA POINT,2403450
REPULSE BAY A,2403490
ROWLEY ISLAND,2403625
TALOYOAK A,2403854
HOLMAN,2502500
ULUKHAKTOK A,2502501
CORONATION (AUT),3011885
LLOYDMINSTER A,3013961
ROCKY MTN HOUSE,3015520
ROCKY MTN HOUSE A,3015522
VERMILION A,3016800
ESTHER 1,301B460
WAINWRIGHT CFB AIRFIELD 21,301S001
DRUMHELLER EAST,30221LG
SUNDRE A,3026KNQ
CLARESHOLM,3031640
PINCHER CREEK,3035201
PINCHER CREEK A,3035202
PINCHER CREEK (AUT),3035206
SPRINGBANK A,303F0PP
MILK RIVER,3044533
BANFF,3050519
BANFF (AUT),3050521
EDSON A,3062244
LAC LA BICHE (AUT),3063685
SLAVE LAKE A,3066001
WAGNER,3066920
WHITECOURT,3067373
WHITECOURT A,3067372
FORT CHIPEWYAN A,3072658
HIGH LEVEL A,3073145
RED EARTH,3075488
WYNYARD,40190LN
LUCKY LAKE,4024714
KINDERSLEY A,4043900
KINDERSLEY KY,4043920
BUFFALO NARROWS A,4060982
COLLINS BAY,4061630
CREE LAKE,4061861
KEY LAKE A,4063759
MEADOW LAKE A,4065058
SPIRITWOOD WEST,4067723
STONY RAPIDS A,4067PR5
URANIUM CITY A,4068340
NIPAWIN A,4075518
HUDSON BAY,4083323
HUDSON BAY A,4083321
PORTAGE SOUTHPORT A,5012320
RIVERS A,5012440
SHILO,5012672
EMERSON AUT,5020882
BISSETT,5030282
GEORGE ISLAND (AUT),5030984
GIMLI,5031042
GIMLI A,5031040
GIMLI INDUSTRIAL PARK,50310D0
OAKPOINT MARINE,504K0NM
GILLAM,5061022
GILLAM A,5061001
LYNN LAKE A,5061646
WABOWDEN,5063040
NORWAY HOUSE A,506B047
BIG TROUT LAKE,6010738
BIG TROUT LAKE READAC,6010739
LANSDOWNE HOUSE,6014350
PICKLE LAKE A,6016527
ATIKOKAN,6020LPQ
DRYDEN A,6032119
ROYAL ISLAND (AUT),6037201
ARMSTRONG (AUT),6040325
CARIBOU ISLAND (AUT),6041222
GERALDTON,6042717
GERALDTON A,6042716
GRAHAM A,6042975
NAKINA A,6045550
PUKASKWA (AUT),6046767
UPSALA (AUT),6049095
WELCOME ISLAND (AUT),6049443
WAWA (AUT),6059408
WAWA A,6059D09
KILLARNEY (AUT),605DJ25
CHAPLEAU A,6061361
MOOSONEE A,6075428
GREAT DUCK ISLAND (AUT),6093005
GRENADIER ISLAND,6103024
KILLALOE,6104125
OTTAWA ROCKCLIFFE A,6106100
PETAWAWA A,6106398
BARRIE (AUT),6110552
BEAUSOLEIL,6110617
BRITT (AUT),6110967
LAGOON CITY,6114295
WESTERN ISLAND (AUT),6119M51
COVE ISLAND (AUT),61219J2
SARNIA AIRPORT,6127514
BELLE RIVER,6130681
LONG POINT (AUT),6134F10
ST CATHARINES A,6137287
SIMCOE (AUT),6137732
SOUTHEAST SHOAL (AUT),6137937
PORT COLBORNE (AUT),613F606
ERIEAU (AUT),613KLLM
MOUNT FOREST,6145503
WATERLOO WELLINGTON A,6149387
COBOURG (AUT),6151684
POINT PETRE (AUT),6156559
STIRLING,6158050
TORONTO,6158355
TORONTO DOWNSVIEW A,6158443
TORONTO BUTTONVILLE A,615HMAK
PETERBOROUGH A,6166418
ILE D'ORLEANS,70132G9
L'ETAPE,7015791
TROIS-RIVIERES,7018562
VALCARTIER A,7018574
MONT-ORFORD,7025229
STE-CLOTHILDE,7027039
GATINEAU A,7032681
MANIWAKI UA,7034480
MONTREAL/MIRABEL INT'L A,7035290
STE AGATHE DES MONTS,7036762
BLANC SABLON,7040812
BLANC-SABLON A,7040813
CAP-TOURMENTE,7041JG6
GAGNON A,7042590
HARRINGTON HARBOUR,7043000
HAVRE-SAINT-PIERRE A,7043018
LAKE EON,7043740
LONGUE-POINTE-DE-MINGAN,7044328
GRAND FORKS,1133270
GRASMERE,1153282
HAZELTON TEMLEHAN,1073347
HEDLEY,1123360
KELOWNA QUAILS GATE,1123993
LILLOOET SETON BCHPA,1114627
LUMBY SIGALET RD,1164730
LYTTON,7034395
MASSET AIRPORT,1054920
NANAIMO CITY YARD,10253G0
OOTSA L SKINS L SPILLWAY,1085835
OSOYOOS WEST,1125865
POWELL RIVER,1046390
QUATSINO,1036572
SALMON RM,1166R45
SEYMOUR FALLS,1107200
SHALALTH,1117215
STILLWATER POWER HOUSE,1047770
TATLAYOKO LAKE,1088010
TLELL,1058190
WARFIELD,1148705
ALERT,2400305
CARMACKS,2100301
DRURY CREEK,2100460
HAINES JUNCTION,2100631
SWIFT RIVER,2101081
ATHABASCA,3060330
BEAVER MINES,3050600
CAMPSIE,3061201
CARWAY,3031402
CLARESHOLM MEADOW CREEK,3031F5F
CROWSNEST,3051R4R
DRUMHELLER ANDREW,3022136
ENILDA-BERG,3062427
FAIRVIEW THREE FOX FARM,3072539
GLEICHEN,3032801
MOUNTAIN VIEW,3034720
OLDS,3024925
JOE_RICH_CREEK,1123750
KAMLOOPS,1163781
KAMLOOPS_AUT,1163842
KASLO,1143900
KELOWNA,1123939
KEMANO,1064020
KEREMEOS,1124112
KIMBERLEY,1154203
KITIMAT,1064321
KITIMAT_TOWNSITE,1064320
LAIDLAW,1104488
LANGARA,1054500
LITTLE_QUALICUM_HATC,1024638
MACKENZIE,1184793
MASSET_A,1054929
MCBRIDE,1094948
MCCULLOCH,1124980
MCINNES ISLAND,1065010
MERRITT,1125079
MICA_DAM,1175122
MUNCHO_LAKE_A,1195250
NAKUSP,1145297
NANAIMO_A,1025369
NANAIMO_DEPARTURE_BA,1025C70
NASS_CAMP,1075384
NELSON,1145442
NEW_DENVER,1145460
NEW_HAZELTON,1075520
NEW_WESTMINSTER,1106178
OCEAN_FALLS,1065670
OKANAGAN_CENTRE,1125700
OLIVER,1125760
OLIVER_STP,1125766
OOTSA_LAKE_SKINS_LAK,1085836
OSOYOOS,1125852
PACHENA_POINT,1035940
PEMBERTON_AIRPORT_CS,1086082
PENTICTON,1126146
PITT_POLDER,1106180
PORT_ALICE,1036240
PORT_HARDY,1026271
POWELL_RIVER,1046392
POWELL_RIVER_A,1046391
PRINCE_GEORGE,1096453
PRINCE_RUPERT,1066482
PRINCETON,112FN0M
QUESNEL,1096631
QUINSAM_RIVER,1026639
REVELSTOKE,1176750
SAANICHTON_CDA,1016940
SALMON_ARM,1167337
SALTSPRING_,1016995
SANDSPIT,1057051
SATURNA_CAPMON,1017099
SHAWNIGAN_LAKE,1017230
SMITHERS,1077501
SOUTH_SLOCAN,1147620
SQUAMISH,10476F0
STAVE_FALLS,1107680
STEWART,1067748
SUMMERLAND,112G8L1
TATLAYOKO_LAKE,1088015
TERRACE,1068134
TOFINO A,1038205
UCLUELET_KENNEDY_CAM,1038332
VANCOUVER,1108380
VANCOUVER_HARBOUR_CS,1108446
VAVENBY,1168520
VERNON,1128551
VERNON_BELLA_VISTA,1128553
VICTORIA,1018621
VICTORIA_GONZALES_CS,1018611
VICTORIA_UNIVERSITY_,1018598
WASA,1158730
WESTWOLD,1168880
WHITE_ROCK_CAMPBELL_,1108910
WILLIAMS_LAKE,1098941
YOHO_PARK,11790J1
BURWASH,2100184
DAWSON,2100400
FARO_(AUT),2100518
HAINES_JUNCTION,2100630
IVVAVIK_NAT_PARK,2100660
KOMAKUK_BEACH,2100682
MACMILLAN_PASS,2100693
MAYO,2100701
OLD_CROW,2100805
PELLY_RANCH,2100880
ROSS_RIVER,2100941
SHINGLE_POINT,2100950
TESLIN,2101102
TUCHITUA,2101135
WATSON_LAKE,2101204
WHITEHORSE,2101310
WHITEHORSE_A,2101303
CAPE PARRY A,2200675
DELINE_CS,2201022
FORT_GOOD_HOPE,2201450
FORT_GOOD_HOPE_2,2201500
FORT_LIARD,2201579
FORT_MCPHERSON,2201601
FORT_PROVIDENCE,2201799
FORT_RELIANCE,2201903
FORT_RESOLUTION,2202000
FORT_SIMPSON,2202102
FORT_SMITH,2202202
HAY_RIVER,2202402
HOLMAN_CS,2502505
INUVIK,2202578
LAC_LA_MARTRE,2202678
LINDBURG_LANDING,220N003
LIVERPOOL_BAY,220B68C
LUTSELK'E_CS,220L002
MOULD_BAY,250M001
NORMAN_WELLS,2202810
PAULATUK,2203058
RAE_LAKES,2203359
SACHS_HARBOUR,2503648
THOMSEN_RIVER,2503886
TRAIL_VALLEY,220N005
TUKTOYAKTUK,2203910
TULITA_A,2201700
WRIGLEY_A,2204000
RANFURLY 2NW,3015405
SCOTFIELD,3025770
SION,3010979
STETTLER NORTH,3016119
WABASCA,3076908
BANGOR,4010400
COLLINS BAY CAMECO,4061632
DAVIDSON,4012130
HIGH POINT,4023240
ISLAND FALLS,4063560
KEY LAKE,4063755
KLINTONEL,4032322
LOON LAKE EPF,4064600
NORTH BATTLEFORD,4045605
PELLY,4086001
PILGER,4056121
SCOTT,7027840
TONKIN,4019082
VAL-MARIE,4038400
WASECA,4048521
WHITESAND DAM,4068840
YELLOW GRASS,4019040
CHURCHILL,5060608
CYPRESS RIVER,5010640
FLIN FLON,5050920
GRAND RAPIDS HYDRO,5031111
GREAT FALLS,5031200
LANGRUTH WEST,5041535
LYNN LAKE,5061648
NORWAY HOUSE,5062045
PIERSON,5012080
PINAWA WNRE,5032162
PORTAGE LA PRAIRIE,5012321
STEINBACH,5022780
ARMSTRONG JELLIEN,6040330
ATIKOKAN MARMION,6020384
BEATRICE,6110607
BROCKVILLE PCC,6100971
CAMERON FALLS,6041109
FORT FRANCES,6022476
GODFREY,6102857
KINGSTON PUMPING STATION,6104175
MADAWASKA,6080192
ORILLIA BRAIN,6115811
OTTAWA,6105978
PELEE ISLAND,6136336
RIDGETOWN,6137154
BALLENAS ISLAND,1020590
CAMPBELL RIVER A,1021261
ENTRANCE ISLAND CS,1022689
AMPHITRITE POINT,1030426
BULL HARBOUR,1031110
ESTEVAN POINT,1032730
PORT ALBERNI A,1036206
SARTINE ISLAND (AUT),1037090
SOLANDER ISLAND (AUT),1037553
SPRING ISLAND,1037650
NITINAT LAKE (AUT),103EFJ0
ALTA LAKE,1040390
HOWE SOUND - PAM ROCKS,10459NN
WHISTLER,1048898
CAPE ST JAMES,1051350
KINDAKUN ROCKS (AUT),1054222
LANGARA ISLAND CS,1054503
ROSE SPIT (AUT),1056869
BELLA COOLA A,1060841
BONILLA ISLAND (AUT),1060R0K
CATHEDRAL POINT (AUT),1061458
CUMSHEWA ISLAND,1062251
ETHELDA BAY,1062745
GREY ISLET (AUT),1063303
HERBERT ISLAND (AUT),1063461
HOLLAND ROCK,1063496
PRINCE RUPERT A,1066481
STEWART A,1067742
TRIPLE ISLAND,1068250
HELMCKEN ISLAND,106CDL0
KLEENA KLEENE,1084350
PUNTZI MOUNTAIN (AUT),1086558
BURNS LAKE,1091169
FORT ST JAMES A,1092972
WEST VANCOUVER AUT,1108824
VERNON CS,1128581
OLD GLORY MOUNTAIN,1145730
NELSON CS,1145M29
KIMBERLEY A,1154200
SPARWOOD,1157630
SPARWOOD CS,1157631
CLINTON (AUT),1161661
SALMON ARM CS,116FRMN
GOLDEN A,1173210
REVELSTOKE A,1176749
REVELSTOKE AIRPORT RD,1176751
BEATTON RIVER A,1180750
CHETWYND A,1181508
MACKENZIE A,1184790
SMITH RIVER A,1197530
AISHIHIK A,2100100
BEAVER CREEK A,2100160
DAWSON A,2100402
FARO A,2100517
HERSCHEL ISLAND,2100636
KOMAKUK BEACH A,2100685
OLD CROW A,2100800
ROCK RIVER,2100935
SNAG A,2101000
AKLAVIK A,2200100
COLVILLE LAKE,2200824
DELINE A,22010KA
FORT GOOD HOPE A,2201400
FORT RELIANCE,2201900
FORT SIMPSON A,2202101
HANBURY RIVER,2202351
INNER WHALEBACKS,2202560
NICHOLSON PENINSULA,2202750
PAULATUK A,2203057
PELLY ISLAND,2203095
PORT RADIUM,2203300
LITTLE CHICAGO,220B6Q3
TROUT LAKE,220CQHR
CHESTERFIELD,2300707
CLINTON POINT,2300750
CONTWOYTO LAKE,2300850
COPPERMINE,2300900
KUGLUKTUK A,2300902
ARVIAT A,2300MKF
ENNADAI LAKE,2301100
GJOA HAVEN A,2302335
JENNY LIND ISLAND A,2302650
LADY FRANKLIN POINT A,2302680
LUPIN A,23026HN
PELLY BAY,2303090
KUGAARUK A,2303092
RANKIN INLET A,2303401
CAP SEIZE,7051175
TADOUSSAC,7048320
TETE A LA BALEINE,7048421
THETFORD MINES,7028441
TRINITE DES MONTS,7058520
BATHURST,8100505
BEAR RIVER,8200500
CHURCHILL FALLS,8501130
COLLEGEVILLE,8201001
CORNER BROOK,8401300
DOAKTOWN,8101201
EDMUNDSTON,8101303
GRAND FALLS,8402050
ISLE UX MORTS,8402450
MONTICELLO,8300447
NAPPAN,8203702
NORTH HARBOUR,8402874
PARRSBORO,8204402
SPRINGDALE,8403700
SUSSEX,8105210
UPPER STEWIACKE,8206200
WESTBROOK ST LAWRENCE,8404201
WESTPORT,8206260
WHITE ROCK,8206316
WOODSTOCK,8105603
WRECK COVE BROOK,8206450
ESQUIMALT HARBOUR,1012710
MALAHAT,1014820
SATURNA ISLAND CS,1017101
SHERINGHAM POINT,1017254
VICTORIA GONZALES HTS,1018610
VICTORIA MARINE,1018642
VICTORIA HARTLAND CS,1018FJ5
ALERT BAY,1020270
TERRACE BAY,6048231
TOBERMORY CYPRUS LAKE,6128323
TRANQUILLO RIDGE,6048864
VINELAND,6139148
WELLAND,6139449
ARUNDEL,703GDKB
BARRAGE ANGLIERS,7080452
DONNACONA,7011983
GRANDE VALLEE,7052865
JOLIETTE VILLE,7013362
LA POCATIERE,7054095
LA SARRE,7094120
LA TUQUE,7074240
NICOLET,7025442
NORMANDIN,7065639
PARENT S,7075799
RIMOUSKI,7056068
SENNETERRE,7097900
SEPT-ILES,7047912
SHAWINIGAN,7018001
SHEENBORO,7038080
BRISCO,1171020
BURQUITLAM VANCOUVER GOLF COURSE,1101200
CASSIAR,1191440
CELISTA,116146F
CRESTON,114B1F0
DEER PARK,1142400
FALLS RIVER,1062790
FORT ST JAMES,1092970
SANIKILUAQ A,2303667
WHALE COVE A,2303986
ALERT A,2400302
ARCTIC BAY,2400400
QIKIQTARJUAQ A,2400572
BYRON BAY A,2400595
CAPE DORSET A,2400635
CAPE DYER A,2400654
GLADMAN POINT A,2402340
IGLOOLIK A,2402543
ISACHSEN,2402600
MACKAR INLET,2402686
NANISIVIK A,2402730
NOTTINGHAM ISLAND,2402900
POINTE-DES-MONTS,704F0PN
CAP-D'ESPOIR,7051050
GRINDSTONE ISLAND,7052960
HEATH POINT,7053038
ILES DE LA MADELEINE,7053KGR
PORT MENIER,7056200
PORT-MENIER,7056202
RIVIERE AU RENARD,7056563
RIVIERE DU LOUP,7056615
ILES DE LA MADELEINE A,705C2G9
CHAMOUCHOUANE,7061288
JONQUIERE,7063370
LAC BENOIT,706I001
CHIBOUGAMAU CHAPAIS A,7091404
LA GRANDE RIVIERE A,7093715
LA GRANDE IV A,7093GJ3
MATAGAMI A,7094639
NITCHEQUON,7095480
WASKAGANISH A,7098895
WEMINDJI A,7098904
AKULIVIK A,7100075
INUKJUAK A,7103283
IVUJIVIK A,7103327
PUVIRNITUQ A,7106222
UMIUJAQ A,7108568
BORDER A,7110830
BORDER (AUT),7110831
CAPE HOPES ADVANCE,7111080
KANGIQSUJUAQ A,7113381
KANGIRSUK A,7113382
QUAQTAQ A,7116272
SALLUIT A,711GG87
KANGIQSUALUJJUAQ A,711L380
BAS CARAQUET,8100467
CAMPBELLTON,8100700
CHARLO A,8100880
POINT ESCUMINAC (AUT),8104103
ST STEPHEN (AUT),8104937
AMHERST (AUT),8200091
BACCARO POINT,8200254
BEAVER ISLAND (AUT),8200558
CARIBOU POINT (AUT),8200774
COPPER LAKE,8201100
EDDY POINT,8201716
GRAND ETANG,8201969
HART ISLAND (AUT),8202318
ST PAUL ISLAND (AUT),8204909
TRURO,8201390
TRURO (AUT),8205992
EAST POINT (AUT),8300418
NORTH CAPE,8300516
ARGENTIA A,8400100
ARGENTIA (AUT),8400104
BUCHANS A,8400700
BURGEO,8400801
BURGEO 2,8400800
COMFORT COVE,8401259
ENGLEE (AUT),8401538
FEROLLE POINT (AUT),8401565
GRAND BANK,8402000
LA SCIE,8402520
SAGONA ISLAND,8403255
ST ALBANS,8403290
ST ANDREWS,8403300
ST ANTHONY,8403401
ST ANTHONY A,840C401
ST LAWRENCE,8403615
TWILLINGATE,8404000
TWILLINGATE (AUT),8404025
GRATES COVE,840B053
POOLS ISLAND,840BR7C
BATTLE HARBOUR LOR,8500398
BELLE ISLE,8500500
CAPE KAKKIVIAK,8500920
CHURCHILL FALLS A,8501132
MARY'S HARBOUR A,8502591
NAIN A,8502800
MAKKOVIK A,8502NHR
SAGLEK,8503249
MARY'S HARBOUR,850B5R1
VICTORIA INT'L A,1018620
NANAIMO A,1025370
PORT HARDY A,1026270
SANDSPIT A,1057050
PRINCE RUPERT,1066480
TERRACE A,1068130
SMITHERS A,1077500
PRINCE GEORGE A,1096450
QUESNEL A,1096630
WILLIAMS LAKE A,1098940
ABBOTSFORD A,1100030
VANCOUVER INT'L A,1108447
HOPE A,1113540
KELOWNA A,1123970
PENTICTON A,1126150
PRINCETON A,1126510
CRANBROOK A,1152102
BLUE RIVER A,1160899
KAMLOOPS A,1163780
DAWSON CREEK A,1182285
FORT ST JOHN A,1183000
DEASE LAKE,1192340
FORT NELSON A,1192940
BURWASH A,2100182
MAYO A,2100700
TESLIN A,2101100
WATSON LAKE A,2101200
WHITEHORSE A,2101300
FORT SIMPSON,2202100
FORT SMITH A,2202200
HAY RIVER A,2202400
INUVIK A,2202570
NORMAN WELLS A,2202800
TUKTOYAKTUK A,2203912
YELLOWKNIFE A,2204100
BAKER LAKE A,2300500
CORAL HARBOUR A,2301000
CAMBRIDGE BAY A,2400600
CLYDE A,2400800
EUREKA,2401199
HALL BEACH A,2402350
IQALUIT A,2402590
RESOLUTE CARS,2403500
MOULD BAY A,2502700
SACHS HARBOUR A,2503650
CORONATION A,3011880
EDMONTON INT'L A,3012205
EDMONTON CITY CENTRE A,3012208
EDMONTON NAMAO A,3012210
RED DEER A,3025480
CALGARY INT'L A,3031093
LETHBRIDGE A,3033880
MEDICINE HAT A,3034480
JASPER,3053536
FORT MCMURRAY A,3062693
GRANDE PRAIRIE A,3072920
PEACE RIVER A,3075040
BROADVIEW A,4010880
ESTEVAN A,4012400
MOOSE JAW A,4015320
REGINA INT'L A,4016560
YORKTON A,4019080
SWIFT CURRENT A,4028040
NORTH BATTLEFORD A,4045600
PRINCE ALBERT A,4056240
SASKATOON DIEFENBAKER INT'L A,4057120
LA RONGE A,4064150
BRANDON A,5010480
WINNIPEG RICHARDSON INT'L A,5023222
DAUPHIN A,5040680
FLIN FLON A,5050960
THE PAS A,5052880
CHURCHILL A,5060600
ISLAND LAKE A,5061376
THOMPSON A,5062922
RED LAKE A,6016975
KENORA A,6034075
SIOUX LOOKOUT A,6037775
THUNDER BAY A,6048261
SAULT STE MARIE A,6057592
SUDBURY A,6068150
EARLTON A,6072225
KAPUSKASING A,6073975
MOOSONEE UA,6075425
TIMMINS VICTOR POWER A,6078285
NORTH BAY A,6085700
GORE BAY A,6092925
KINGSTON A,6104146
OTTAWA MACDONALD-CARTIER INT'L A,6106000
MUSKOKA A,6115525
WIARTON A,6119500
WINDSOR A,6139525
LONDON INT'L AIRPORT,6144475
HAMILTON A,6153194
TORONTO ISLAND A,6158665
TORONTO LESTER B. PEARSON INT'L A,6158733
QUEBEC/JEAN LESAGE INTL A,7016294
MONTREAL/PIERRE ELLIOTT TRUDEAU INTL A,7025250
MONTREAL/ST-HUBERT A,7027320
SHERBROOKE A,7028124
BAIE-COMEAU A,7040440
NATASHQUAN A,7045400
SEPT-ILES A,7047910
GASPE A,7052605
MONT-JOLI A,7055120
ROBERVAL A,7066685
ROUYN A,7086720
VAL-D'OR A,7098600
INUKJUAK UA,7103282
KUUJJUARAPIK A,7103536
KUUJJUAQ A,7113534
SCHEFFERVILLE A,7117825
MIRAMICHI A,8101000
FREDERICTON A,8101500
MONCTON A,8103200
SAINT JOHN A,8104900
HALIFAX STANFIELD INT'L A,8202250
SABLE ISLAND,8204700
SHEARWATER A,8205090
SYDNEY A,8205700
WESTERN HEAD,8206240
YARMOUTH A,8206500
CHARLOTTETOWN A,8300300
SUMMERSIDE A,8300700
BONAVISTA,8400601
CAPE RACE (AUT),8401000
DANIELS HARBOUR,8401400
DEER LAKE A,8401501
GANDER INT'L A,8401700
PORT AUX BASQUES,8402975
ST JOHN'S A,8403506
STEPHENVILLE A,8403800
CARTWRIGHT,8501106
WABUSH LAKE A,8504175
ABBOTSFORD_A,1100031
AGASSIZ_CDA,1100120
AGASSIZ_RCS,1100119
ALBERNI,1036B06
ARMSTRONG,1160483
ATLIN,1200560
BALDONNEL,1180585
BARKERVILLE,1090660
BEAVERDELL,1130771
BELLA_COOLA,1060844
BIG_CREEK,1080870
BLUE_RIVER,1160H99
BRITANNIA_BEACH_FURR,1041050
BURNS_LAKE,1091174
CAPE_SCOTT,1031353
CAPE_ST_JAMES,1051351
CARIBOO_LODGE,1171393
CASTLEGAR A,1141455
CHATHAM_POINT,1021480
CHILLIWACK,1101530
CLINTON_AUT,1161663
COMOX A,1021830
CORTES_ISLAND,1021960
COWICHAN_BAY_CHERRY_,1012010
CRANBROOK,1152106
CUMBERLAND,1022250
DARFIELD,1162265
DAWSON_CREEK,1182289
DEASE_LAKE,119BLM0
DRYAD_POINT,1062544
DUNCAN,1012573
ESTEVAN_POINT,1032731
FAUQUIER,1142820
FERNIE,1152850
FORT_NELSON,1192948
FORT_ST_JAMES,1092975
FORT_ST_JOHN,1183001
GERMANSEN,1183090
GLACIER,1173191
GOLDEN,1173220
GRAND_FORKS,1140876
GREENWOOD,1133300
HOPE,1113543
HORSEFLY_LAKE_GRUHS_,1093600
HOUSTON,1073615
IVORY_ISLAND,1063690
JAMES_ISLAND,1013720
YELLOWKNIFE,2204101
YELLOWKNIFE_HYDRO,2204200
YOHIN,2204300
ARCTIC_BAY,2400404
ARVIAT_CLIMATE,2301153
BAKER_LAKE,2300501
BREVOORT_ISLAND,2400565
CAMBRIDGE_BAY,2400602
CAPE_DORSET,2400636
CAPE_DYER,2400650
CAPE HOOPER,2400660
CAPE_MERCY,2400F63
CAPE_PEEL_WEST,2400697
CLYDE,2400804
CORAL_HARBOUR,2301002
CROKER_RIVER,230J01Q
DEWAR LAKES,2401030
ENNADAI_LAKE,2301102
FOX FIVE,2400570
GJOA_HAVEN_CLIMATE,2302340
GRISE_FIORD,2402351
HALL_BEACH,2402353
HAT_ISLAND,2302370
IQALUIT,2402592
ISACHSEN_(AUT),2402604
KUGLUKTUK,2300904
LONGSTAFF BLUFF,2402684
LUPIN,230N002
PANGNIRTUNG,2403049
KUGAARUK_CLIMATE,2303094
POND_INLET,2403204
QIKIQTARJUAQ_CLIMAT,2400573
RANKIN_INLET_A,2303405
RESOLUTE,2403505
RESOLUTION_ISLAND,2403602
ROBERTSON_LAKE_(AUT),2303610
SHEPHERD_BAY,2303685
STEFANSSON_ISLAND,2403756
TALOYOAK_A,2403855
WAGER_BAY_(AUT),2403945
ANDREW,3010237
BEAVER_MINES,3050602
BEAVERLODGE,3070600
BOW_VALLEY,3050778
BROOKS,3030QLP
BROOKS_AHRC,3030838
BROWNFIELD,3010890
CALDWELL,3031000
CALGARY,3031094
CALMAR,3011120
CAMROSE,3011240
CARDSTON,3031322
CLEARDALE,3074935
COLD LAKE A,3081680
CORONATION,3011887
EDMONTON,3012206
EDMONTON_BLATCHFORD,3012209
EDMONTON_NAMAO_A,3012212
EDSON,3062239
EDSON_A,3062246
ELK_ISLAND_NAT_PARK,3012275
ELK_POINT,3012280
EMPRESS,3022400
ENTRANCE,306A009
FAIRVIEW,3072525
FOREMOST,3032642
FORT_ASSINIBOINE,3062660
FORT_CHIPEWYAN,3072659
FORT_MACLEOD,3032680
FORT_MCMURRAY,3062696
FORT_SASKATCHEWAN,3012710
FORT_VERMILION,3072723
GRANDE_PRAIRIE,3072921
HIGH_LEVEL,3073140
HIGH_PRAIRIE,3063165
HIGH_RIVER,3053250
HILLSDOWN,3025222
HUGHENDEN,3013361
ISLAND_LAKE_SOUTH,3063600
JENNER,3023560
KANANASKIS,3053600
KEG_RIVER,3073641
LAC_LA_BICHE,3063686
LACOMBE,3023722
LAKE_LOUISE,3053760
LETHBRIDGE,3033890
LETHBRIDGE_A,3033875
MASINASIN,3044232
MEDICINE_HAT,3034485
NORDEGG,3054843
ONEFOUR_CDA,3044923
PEACE_RIVER,3075041
PEKISKO,3055119
PINCHER_CREEK,3035198
RANFURLY,3015401
RED_DEER,3025441
RED_DEER_A,3025481
ROCKY_MTN_HOUSE,3015523
SCHULER,3025768
SIMONETTE,3075937
SLAVE_LAKE,3065997
STETTLER_NORTH,3016124
SUFFIELD_A,3036240
TABER,3032550
THREE_HILLS,3026479
VAUXHALL,3036682
VEGREVILLE,3016GF0
VIKING,3016841
WASTINA_HEMARUKA,3016965
WATERTON_PARK_GATE,3056214
WETASKIWIN,3017282
WHITECOURT_LO,3067371
ABBEY,4020020
ANEROID,4020160
ASSINIBOIA,4020286
BEECHY,4020560
BIGGAR,4040600
BRATT_S_LAKE_CLIMATE,4010811
BROADVIEW,4010879
BUFFALO_NARROWS,4060983
CARLYLE,4014913
CARON,4015867
CEYLON,4011441
CHAPLIN,4021520
CODERRE,4021600
COLLINS_BAY,4061629
CORONACH,40318MN
COTE,4011846
CUPAR,4011980
CYPRESS_HILLS,4031999
DUNDURN,4052280
EASTLEIGH,4022328
ELBOW,4022359
ESTEVAN,4012410
FORT_QU'APPELLE,4012600
GRAVELBOURG,4022960
HUDSON_BAY,4083324
INDIAN_HEAD,4013480
ISLAND_FALLS,4063605
KELLIHER,4013660
KEY_LAKE,4063753
KINDERSLEY,4043901
KIPLING,4014040
LA_RONGE,4064149
LAST_MOUNTAIN_CS,4014156
LEADER,402DAF0
LOON_LAKE,4064620
LUMSDEN,4014720
MANKOTA,4034910
MAPLE_CREEK,4024919
MEADOW_LAKE,406N0NM
MELFORT,4055079
MIDALE,4015159
MOOSE_JAW,4015322
MOOSOMIN,4015360
MUENSTER,4015440
NASHLYN,4035480
NIPAWIN,407N51G
NOKOMIS,4015560
NORTHBATTLEFORD,4045607
OUTLOOK,4055736
PASWEGIN,4015960
POPLAR_RIVER,4038740
PRINCE_ALBERT,4056243
QU'APPELLE,4016322
REGINA,4016699
ROCKGLEN_(AUT),4036844
ROSETOWN,4046884
SASKATOON,4057165
SEMANS,4017320
SHAUNAVON,4027485
STONY_RAPIDS,4067799
SWIFT_CURRENT,4028038
SWIFT_CURRENT_CDA,4028060
TUGASKE,4018160
URANIUM_CITY,406QLD0
VAL_MARIE,4038412
WASKESIU_LAKE,4068559
WATROUS,4018642
WEYBURN,401HP5R
WHITESAND-SOUTHEND,4067655
WHITEWOOD,4018880
YELLOW_GRASS,4019041
YORKTON,4019073
ALTONA,5020040
ARBORG,5030080
BERENS_RIVER,5030203
BIRTLE,5010240
BRANDON,5010490
BROCHET,5060520
CARBERRY,5010547
CARMAN,502I001
CROSS_LAKE_JENPEG,5060623
CYPRESS_RIVER,5010641
DAUPHIN,5040681
DEERWOOD_RCS,5020725
EMERSON,5020881
FISHER_BRANCH,50309J6
FLIN_FLON,5050919
GILBERT_PLAINS,5040985
GRAND_RAPIDS,5031A10
GREAT_FALLS,5031201
GRETNA_(AUT),5021220
HAMIOTA,5011241
INDIAN_BAY,5031320
ISLAND_LAKE_A,5061375
LYNN_LAKE,5061649
MCCREARY,5043158
MELITA,501A7AR
MINNEDOSA,5042004
MORDEN_EXP_FARM,5021849
MORRIS,5021920
NINETTE,50220M0
NORWAY_HOUSE,5062040
PILOT MOUND (AUT),5022125
PINAWA,503B1ER
PORTAGE_LA_PRAIRIE,5012322
PORTAGE_SOUTHPORT,5012324
ROBLIN,5012469
RUSSELL,5012520
SHOAL_LAKE_CS,5012654
SPRAGUE,5022759
SWAN_RIVER,504K80K
THE_PAS,5052890
THOMPSON,5062921
VIRDEN,5012960
WASAGAMING,5013117
WINNIPEG,502S001
AMHERSTBURG,6130257
BANCROFT,6160465
BELLEVILLE,6150689
BIG_TROUT_LAKE,6010740
BISCOTASING,6060773
BRANCROFT_AUTO,616I001
BRANTFORD,6140954
BROCKVILLE,6100970
BRUCEFIELD,6121025
BURLINGTON,6151061
CAMERON_FALLS,6041110
CHAPLEAU,6061362
CHATHAM,6131415
CHATSWORTH,6111467
COCHRANE,6071712
COLLINGWOOD,6111792
CONISTON,6061850
CORNWALL,6101874
CRYSTAL_FALLS,6081928
DELHI,6131983
DRYDEN,6032125
EAR_FALLS,6012199
EARLTON,6072230
EGBERT_CS,6110
ELORA_RCS,6142286
FERGUS_SHAND_DAM,6142400
FOLDENS,6142420
FORT_FRANCES,6022474
GLEN_ALLAN,6142803
GODERICH,6122847
GORE_BAY,6092920
GRIMSBY,6133047
GUELPH,6143089
HALIBURTON,6163171
HAMILTON,6153193
HARROW,6133362
HORNEPAYNE,6053575
IGNACE,6033690
IROQUOIS_FALLS,6073810
KAKABEKA_FALLS,6042MJ7
KAPUSKASING,6073980
KEMPTVILLE,6104027
KENORA,6034073
KINGSTON,6104142
KIRKLAND,6074211
KITCHENER,6147188
LAKE_SUPERIOR_PROVIN,6054425
LANSDOWNE_HOUSE,6014353
LEAMINGTON,6134190
LONDON,6144478
LUCKNOW,6124700
MILLGROVE,6155183
MINDEN,6165195
MINE_CENTRE,6025205
MONTREAL_RIVER,6075379
MOOSONEE,6075435
MORRISBURG,6105460
MOUNT_FOREST,6145504
MUSKOKA,6115529
NAGAGAMI_(AUT),6075543
NEW_GLASGOW,6135583
NIAGARA_FALLS,6135657
NORTH_BAY,6085680
ORANGEVILLE,6155790
ORILLIA,6111769
ORONO,6155878
OWEN_SOUND,6116132
PARRY_SOUND,6116257
PEAWANUCK_(AUT),6016295
PELEE_ISLAND,6136335
PEMBROKE_CLIMATE,6106367
PETAWAWA,6106396
PETERBOROUGH,6166415
PETERBOROUGH_TRENT_U,6166456
PICKLE_LAKE,6016525
PORT_DOVER,6136643
PORT_STANLEY,6136694
PUKASKWA,6046768
RAWSON_LAKE,6036907
RED_LAKE,6016970
SARNIA,6127519
SAULT_STE_MARIE,6057591
SCHREIBER,6047627
SIMCOE,6137730
SIOUX_LOOKOUT,6037776
SMOKY_FALLS,6077845
SOUTHAMPTON,6124127
ST_CATHARINES,6136699
ST_THOMAS,6137362
STRATFORD,6148105
SUDBURY,6068145
THUNDER_BAY,6048268
TIMMINS,6078282
TOBERMORY,6128330
TORONTO_BUTTONVILLE,6158410
TORONTO_ELLESMERE,6158520
TORONTO_INTL_A,6158731
TORONTO_ISLAND_CITY,6158359
TRENTON A,6158875
TURBINE,6068980
UXBRIDGE,6159125
WALKERTON,6113329
WALLACEBURG,6139265
WAWA,6059407
WHITE_RIVER,6059475
WIARTON,6119499
WILDER_LAKE,6119511
WINDSOR,6139527
WOODBRIDGE,6159575
ALBANEL,7060080
AMOS_LacBerry,709CEE9
AMQUI,7050145
ANGERS,7030170
ANTICOSTI_SW_POINT,7050200
ARMAGH,7050240
BAGOTVILLE A,7060400
BAIE_COMEAU,7040442
BARRAGE_GOUIN,7070454
BEAUCEVILLE,7027283
BEAUSEJOUR,7020567
BELLETERRE,7080600
BERTHIERVILLE,7010720
BIC,7050762
BONNARD,7060826
BROME,7020840
BROMPTONVILLE,7020860
CAP_CHAT,705S002
CAP_MADELEINE,7051163
CAUSAPSCAL,7051200
CHAPAIS,7091299
CHARTERIS,7031315
CHELSEA,7031360
CHIBOUGAMAU,7091410
COATICOOK,7021840
DISRAELI,7022000
DRUMMONDVILLE,7022160
FARNHAM,7022320
FLEURY,7022375
FORET_MONTMORENCY_RC,7042395
FORTIERVILLE,7022494
GASPE,7052601
GRANDES_BERGERONNES,7046059
GRANBY,7022800
HAVRE_ST_PIERRE,7043019
HEMMINGFORD_FOUR,7023075
HUBERDEAU,7033160
ILES_MADELEINE,7053250
INUKJUAK,710S005
JOLIETTE,7014160
KUUJJUAQ,7113535
KUUJJUARAPIK,7103539
LA_GRANDE_IV,7093GJ5
LA_GRANDE_RIVIERE,7093716
LA_MACAZA,7033939
LA_MALBAIE,7043960
LA_POCATIERE,7054096
LA_SARRE,7086716
LA_TUQUE,707DBD4
LABRIEVILLE,7043540
LAC_BOUCHETTE,7063560
LAC_EON,704C64L
LAC_HUMQUI,7053649
LAC_STE_CROIX,7065012
LACHUTE,7033650
LAMBTON,7024000
LAUZON,7024254
LEBEL_QUEVILLON,7094275
LENNOXVILLE,7024280
LES_BUISSONS,7044288
LES_CEDRES,7014290
LOURDES_DE_BLANC_SA_,7040815
LUSKVILLE,7034365
MACDONALD_COLL,7025251
MAGOG,7024440
MANIWAKI,7034482
MATAGAMI,7094637
MILAN,7024920
MONT_JOLI,7055122
MONT_LAURIER,7035160
MONTREAL_TAVISH,7024745
MONTREAL__TRUDEAU_IN,702S006
NATASHQUAN,7045401
NEW_CARLISLE,7055422
NOMININGUE,7035520
NOT__DAME_DU_LAUS,7035680
OKA,7015730
ORMSTOWN,7025745
PARC_NATIONAL_DES_PI,7115800
PARENT,7075800
POINTE_AU_CHENE,7036063
PORT_DANIEL,7056120
PORTAGE_DES_ROCHES,7066080
PRICE,7056240
QUAQTAQ,7116270
QUEBEC,701S001
RICHMOND,7026465
RIVIERE_AUX_FEUILLES,7116505
RIVIERE_DES_PRAIRIE,7026612
RIVIERE_VERTE_OU,7016675
ROBERVAL,7066686
SAINT_GERMAIN_DE_GAN,7027470
SAINT_MICHEL,7057567
SAINT_MICHEL_DES_SAI,7077571
SAWYERVILLE_NORD,7027802
SCHEFFERVILLE,7117823
SEPT_ILES,7047914
SHERBROOKE,7028123
SHIPSHAW,7068160
SOREL,7028200
ST_ALBAN,7016800
ST_AMBROISE,7066820
ST_ANICET,702FQLF
ST_CAMILLE_,7056930
ST_CHARLES_DE_MANDE_,7016960
ST_COME,7017080
ST_COME_DE_LINIERE,7027083
ST_EPHREM,7027200
ST_FEREOL,7047250
ST_FLAVIEN,7027259
ST_GUILLAUME,7027302
ST_HIPPOLYTE,7037310
ST_HUBERT_MONT_,7027329
ST_HYACINTHE,7027361
ST_JEROME,7037400
ST_LUDGER,7027516
ST_MALO_D_AUCKL_,7027520
ST_MICHEL_DES_SAIN,7077570
ST_NARCISSE,7017585
ST_PAMPHILE,7057600
ST_PRIME,7067658
ST_SEBASTIEN,7027725
ST_TITE,7017760
STE_ANNE_DELA_PERADE,7016840
STE_ANNE_DU_LAC,7036855
STE_BEATRIX,7016902
STE_GERMAINE,7057287
STE_MADELEINE,7027517
STEROSE_DEGELIS,7057720
TEMISCAMINGUE,7080468
TETE_BALEINE,7041382
THETFORD_MINES,7028442
TROIS_PISTOLES,7056616
TROIS_RIVIERES,7018563
VAL_D_OR,7098603
VALLEYFIELD,7028680
VILLE_MARIE,7088760
WRIGHT,7038975
ALMA_(Fundy_Park),8101746
AROOSTOOK,8100300
BUCTOUCHE,8100593
CHARLO_,8100885
FREDERICTON,8101605
GAGETOWN,8101792
GRAND_FALLS_,810I001
HARVEY_STATION,8102201
KEDGWICK,8102300
MCADAM,8102600
MECHANIC_SETTLEMENT,8102848
MIRACHIMI,8100989
MISCOU ISLAND (AUT),8103050
MONCTON,8103201
NEPISIGUIT_FALLS,8103500
RED_PINES,8104295
REXTON,8104400
SACKVILLE,8104501
SAINT_JOHN,8104901
ST_GEORGE,8104700
ST_LEONARD,8104928
ST_STEPHEN,8104935
ANNAPOLIS_ROYAL,8200100
BADDECK,8201780
CHETICAMP,8200827
DEBERT,8201380
DEMING,8201410
DIGBY,8201601
GREENWOOD A,8202000
HALIFAX,8202251
INGONISH_BEACH,8202502
KEJIMKUJIK_PARK,8202592
KENTVILLE,8202810
LIVERPOOL,8203100
METEGHAN_RIVER,8200604
MOUNT_UNIACKE,8203600
SABLE_ISLAND,8204703
SALMON_HOLE,8205000
SHEARWATER_A,8205092
SPRINGFIELD,8205200
ST_MARGARET_S_BAY,8204800
STILLWATER,8205601
SYDNEY,8205702
UPPER_STEWIACKE,8204193
YARMOUTH,8206491
ALLISTON,8300100
CHARLOTTETOWN,8300301
HARRINGTON_CDA_RCS,830P001
ST_PETERS,8300562
SUMMERSIDE,8300596
BAY_D_ESPOIR,8400413
BUCHANS,8400698
CHURCHILL_FALLS,8501131
COLINET,8401251
CORMACK,8401295
CORNER_BROOK,8401298
DANIELS_HARBOUR,8401405
DEER_LAKE,8401502
EXPLOITS_DAM,8401550
GANDER,8401705
GOOSE A,8501900
GRAND_FALLS,8400301
HOPEDALE (AUT),8502400
MARY_S_HARBOUR,8502592
MILLERTOWN,8402757
NAIN,8502799
PLUM_POINT,8402958
PORT_AUXBASQUES,8402980
ROCKY_HARBOUR,8403097
ST_ANTHONY,8403389
ST_JOHN_S,8403505
ST_JOHN_WEST,8403603
ST_LAWRENCE,8403619
STEPHENVILLE,8403820
TERRA_NOVA_NAT_PARK_,8403851
WABUSH_LAKE,8504177
WRECKHOUSE,8404343
